--
-- PostgreSQL database dump
--

-- Dumped from database version 15.2 (Debian 15.2-1.pgdg110+1)
-- Dumped by pg_dump version 15.2 (Debian 15.2-1.pgdg110+1)

SET statement_timeout = 0;
SET lock_timeout = 0;
SET idle_in_transaction_session_timeout = 0;
SET client_encoding = 'UTF8';
SET standard_conforming_strings = on;
SELECT pg_catalog.set_config('search_path', '', false);
SET check_function_bodies = false;
SET xmloption = content;
SET client_min_messages = warning;
SET row_security = off;

--
-- Name: orders; Type: SCHEMA; Schema: -; Owner: postgres
--

CREATE SCHEMA orders;


ALTER SCHEMA orders OWNER TO postgres;

SET default_tablespace = '';

SET default_table_access_method = heap;

--
-- Name: auth_group; Type: TABLE; Schema: public; Owner: postgres
--

CREATE TABLE public.auth_group (
    id integer NOT NULL,
    name character varying(150) NOT NULL
);


ALTER TABLE public.auth_group OWNER TO postgres;

--
-- Name: auth_group_id_seq; Type: SEQUENCE; Schema: public; Owner: postgres
--

ALTER TABLE public.auth_group ALTER COLUMN id ADD GENERATED BY DEFAULT AS IDENTITY (
    SEQUENCE NAME public.auth_group_id_seq
    START WITH 1
    INCREMENT BY 1
    NO MINVALUE
    NO MAXVALUE
    CACHE 1
);


--
-- Name: auth_group_permissions; Type: TABLE; Schema: public; Owner: postgres
--

CREATE TABLE public.auth_group_permissions (
    id bigint NOT NULL,
    group_id integer NOT NULL,
    permission_id integer NOT NULL
);


ALTER TABLE public.auth_group_permissions OWNER TO postgres;

--
-- Name: auth_group_permissions_id_seq; Type: SEQUENCE; Schema: public; Owner: postgres
--

ALTER TABLE public.auth_group_permissions ALTER COLUMN id ADD GENERATED BY DEFAULT AS IDENTITY (
    SEQUENCE NAME public.auth_group_permissions_id_seq
    START WITH 1
    INCREMENT BY 1
    NO MINVALUE
    NO MAXVALUE
    CACHE 1
);


--
-- Name: auth_permission; Type: TABLE; Schema: public; Owner: postgres
--

CREATE TABLE public.auth_permission (
    id integer NOT NULL,
    name character varying(255) NOT NULL,
    content_type_id integer NOT NULL,
    codename character varying(100) NOT NULL
);


ALTER TABLE public.auth_permission OWNER TO postgres;

--
-- Name: auth_permission_id_seq; Type: SEQUENCE; Schema: public; Owner: postgres
--

ALTER TABLE public.auth_permission ALTER COLUMN id ADD GENERATED BY DEFAULT AS IDENTITY (
    SEQUENCE NAME public.auth_permission_id_seq
    START WITH 1
    INCREMENT BY 1
    NO MINVALUE
    NO MAXVALUE
    CACHE 1
);


--
-- Name: auth_user; Type: TABLE; Schema: public; Owner: postgres
--

CREATE TABLE public.auth_user (
    id integer NOT NULL,
    password character varying(128) NOT NULL,
    last_login timestamp with time zone,
    is_superuser boolean NOT NULL,
    username character varying(150) NOT NULL,
    first_name character varying(150) NOT NULL,
    last_name character varying(150) NOT NULL,
    email character varying(254) NOT NULL,
    is_staff boolean NOT NULL,
    is_active boolean NOT NULL,
    date_joined timestamp with time zone NOT NULL
);


ALTER TABLE public.auth_user OWNER TO postgres;

--
-- Name: auth_user_groups; Type: TABLE; Schema: public; Owner: postgres
--

CREATE TABLE public.auth_user_groups (
    id bigint NOT NULL,
    user_id integer NOT NULL,
    group_id integer NOT NULL
);


ALTER TABLE public.auth_user_groups OWNER TO postgres;

--
-- Name: auth_user_groups_id_seq; Type: SEQUENCE; Schema: public; Owner: postgres
--

ALTER TABLE public.auth_user_groups ALTER COLUMN id ADD GENERATED BY DEFAULT AS IDENTITY (
    SEQUENCE NAME public.auth_user_groups_id_seq
    START WITH 1
    INCREMENT BY 1
    NO MINVALUE
    NO MAXVALUE
    CACHE 1
);


--
-- Name: auth_user_id_seq; Type: SEQUENCE; Schema: public; Owner: postgres
--

ALTER TABLE public.auth_user ALTER COLUMN id ADD GENERATED BY DEFAULT AS IDENTITY (
    SEQUENCE NAME public.auth_user_id_seq
    START WITH 1
    INCREMENT BY 1
    NO MINVALUE
    NO MAXVALUE
    CACHE 1
);


--
-- Name: auth_user_user_permissions; Type: TABLE; Schema: public; Owner: postgres
--

CREATE TABLE public.auth_user_user_permissions (
    id bigint NOT NULL,
    user_id integer NOT NULL,
    permission_id integer NOT NULL
);


ALTER TABLE public.auth_user_user_permissions OWNER TO postgres;

--
-- Name: auth_user_user_permissions_id_seq; Type: SEQUENCE; Schema: public; Owner: postgres
--

ALTER TABLE public.auth_user_user_permissions ALTER COLUMN id ADD GENERATED BY DEFAULT AS IDENTITY (
    SEQUENCE NAME public.auth_user_user_permissions_id_seq
    START WITH 1
    INCREMENT BY 1
    NO MINVALUE
    NO MAXVALUE
    CACHE 1
);


--
-- Name: django_admin_log; Type: TABLE; Schema: public; Owner: postgres
--

CREATE TABLE public.django_admin_log (
    id integer NOT NULL,
    action_time timestamp with time zone NOT NULL,
    object_id text,
    object_repr character varying(200) NOT NULL,
    action_flag smallint NOT NULL,
    change_message text NOT NULL,
    content_type_id integer,
    user_id integer NOT NULL,
    CONSTRAINT django_admin_log_action_flag_check CHECK ((action_flag >= 0))
);


ALTER TABLE public.django_admin_log OWNER TO postgres;

--
-- Name: django_admin_log_id_seq; Type: SEQUENCE; Schema: public; Owner: postgres
--

ALTER TABLE public.django_admin_log ALTER COLUMN id ADD GENERATED BY DEFAULT AS IDENTITY (
    SEQUENCE NAME public.django_admin_log_id_seq
    START WITH 1
    INCREMENT BY 1
    NO MINVALUE
    NO MAXVALUE
    CACHE 1
);


--
-- Name: django_content_type; Type: TABLE; Schema: public; Owner: postgres
--

CREATE TABLE public.django_content_type (
    id integer NOT NULL,
    app_label character varying(100) NOT NULL,
    model character varying(100) NOT NULL
);


ALTER TABLE public.django_content_type OWNER TO postgres;

--
-- Name: django_content_type_id_seq; Type: SEQUENCE; Schema: public; Owner: postgres
--

ALTER TABLE public.django_content_type ALTER COLUMN id ADD GENERATED BY DEFAULT AS IDENTITY (
    SEQUENCE NAME public.django_content_type_id_seq
    START WITH 1
    INCREMENT BY 1
    NO MINVALUE
    NO MAXVALUE
    CACHE 1
);


--
-- Name: django_migrations; Type: TABLE; Schema: public; Owner: postgres
--

CREATE TABLE public.django_migrations (
    id bigint NOT NULL,
    app character varying(255) NOT NULL,
    name character varying(255) NOT NULL,
    applied timestamp with time zone NOT NULL
);


ALTER TABLE public.django_migrations OWNER TO postgres;

--
-- Name: django_migrations_id_seq; Type: SEQUENCE; Schema: public; Owner: postgres
--

ALTER TABLE public.django_migrations ALTER COLUMN id ADD GENERATED BY DEFAULT AS IDENTITY (
    SEQUENCE NAME public.django_migrations_id_seq
    START WITH 1
    INCREMENT BY 1
    NO MINVALUE
    NO MAXVALUE
    CACHE 1
);


--
-- Name: django_q_ormq; Type: TABLE; Schema: public; Owner: postgres
--

CREATE TABLE public.django_q_ormq (
    id integer NOT NULL,
    key character varying(100) NOT NULL,
    payload text NOT NULL,
    lock timestamp with time zone
);


ALTER TABLE public.django_q_ormq OWNER TO postgres;

--
-- Name: django_q_ormq_id_seq; Type: SEQUENCE; Schema: public; Owner: postgres
--

ALTER TABLE public.django_q_ormq ALTER COLUMN id ADD GENERATED BY DEFAULT AS IDENTITY (
    SEQUENCE NAME public.django_q_ormq_id_seq
    START WITH 1
    INCREMENT BY 1
    NO MINVALUE
    NO MAXVALUE
    CACHE 1
);


--
-- Name: django_q_schedule; Type: TABLE; Schema: public; Owner: postgres
--

CREATE TABLE public.django_q_schedule (
    id integer NOT NULL,
    func character varying(256) NOT NULL,
    hook character varying(256),
    args text,
    kwargs text,
    schedule_type character varying(1) NOT NULL,
    repeats integer NOT NULL,
    next_run timestamp with time zone,
    task character varying(100),
    name character varying(100),
    minutes smallint,
    cron character varying(100),
    cluster character varying(100),
    CONSTRAINT django_q_schedule_minutes_check CHECK ((minutes >= 0))
);


ALTER TABLE public.django_q_schedule OWNER TO postgres;

--
-- Name: django_q_schedule_id_seq; Type: SEQUENCE; Schema: public; Owner: postgres
--

ALTER TABLE public.django_q_schedule ALTER COLUMN id ADD GENERATED BY DEFAULT AS IDENTITY (
    SEQUENCE NAME public.django_q_schedule_id_seq
    START WITH 1
    INCREMENT BY 1
    NO MINVALUE
    NO MAXVALUE
    CACHE 1
);


--
-- Name: django_q_task; Type: TABLE; Schema: public; Owner: postgres
--

CREATE TABLE public.django_q_task (
    name character varying(100) NOT NULL,
    func character varying(256) NOT NULL,
    hook character varying(256),
    args text,
    kwargs text,
    result text,
    started timestamp with time zone NOT NULL,
    stopped timestamp with time zone NOT NULL,
    success boolean NOT NULL,
    id character varying(32) NOT NULL,
    "group" character varying(100),
    attempt_count integer NOT NULL
);


ALTER TABLE public.django_q_task OWNER TO postgres;

--
-- Name: django_session; Type: TABLE; Schema: public; Owner: postgres
--

CREATE TABLE public.django_session (
    session_key character varying(40) NOT NULL,
    session_data text NOT NULL,
    expire_date timestamp with time zone NOT NULL
);


ALTER TABLE public.django_session OWNER TO postgres;

--
-- Name: parser_orderline; Type: TABLE; Schema: public; Owner: postgres
--

CREATE TABLE public.parser_orderline (
    id bigint NOT NULL,
    line_no bigint NOT NULL,
    order_no bigint NOT NULL,
    due_date date NOT NULL,
    value_usd bigint NOT NULL,
    value_rub double precision,
    CONSTRAINT parser_orderline_line_no_check CHECK ((line_no >= 0)),
    CONSTRAINT parser_orderline_order_no_check CHECK ((order_no >= 0)),
    CONSTRAINT parser_orderline_value_usd_check CHECK ((value_usd >= 0))
);


ALTER TABLE public.parser_orderline OWNER TO postgres;

--
-- Name: parser_orderline_id_seq; Type: SEQUENCE; Schema: public; Owner: postgres
--

ALTER TABLE public.parser_orderline ALTER COLUMN id ADD GENERATED BY DEFAULT AS IDENTITY (
    SEQUENCE NAME public.parser_orderline_id_seq
    START WITH 1
    INCREMENT BY 1
    NO MINVALUE
    NO MAXVALUE
    CACHE 1
);


--
-- Data for Name: auth_group; Type: TABLE DATA; Schema: public; Owner: postgres
--

COPY public.auth_group (id, name) FROM stdin;
\.


--
-- Data for Name: auth_group_permissions; Type: TABLE DATA; Schema: public; Owner: postgres
--

COPY public.auth_group_permissions (id, group_id, permission_id) FROM stdin;
\.


--
-- Data for Name: auth_permission; Type: TABLE DATA; Schema: public; Owner: postgres
--

COPY public.auth_permission (id, name, content_type_id, codename) FROM stdin;
1	Can add log entry	1	add_logentry
2	Can change log entry	1	change_logentry
3	Can delete log entry	1	delete_logentry
4	Can view log entry	1	view_logentry
5	Can add permission	2	add_permission
6	Can change permission	2	change_permission
7	Can delete permission	2	delete_permission
8	Can view permission	2	view_permission
9	Can add group	3	add_group
10	Can change group	3	change_group
11	Can delete group	3	delete_group
12	Can view group	3	view_group
13	Can add user	4	add_user
14	Can change user	4	change_user
15	Can delete user	4	delete_user
16	Can view user	4	view_user
17	Can add content type	5	add_contenttype
18	Can change content type	5	change_contenttype
19	Can delete content type	5	delete_contenttype
20	Can view content type	5	view_contenttype
21	Can add session	6	add_session
22	Can change session	6	change_session
23	Can delete session	6	delete_session
24	Can view session	6	view_session
25	Can add order line	7	add_orderline
26	Can change order line	7	change_orderline
27	Can delete order line	7	delete_orderline
28	Can view order line	7	view_orderline
29	Can add Scheduled task	8	add_schedule
30	Can change Scheduled task	8	change_schedule
31	Can delete Scheduled task	8	delete_schedule
32	Can view Scheduled task	8	view_schedule
33	Can add task	9	add_task
34	Can change task	9	change_task
35	Can delete task	9	delete_task
36	Can view task	9	view_task
37	Can add Failed task	10	add_failure
38	Can change Failed task	10	change_failure
39	Can delete Failed task	10	delete_failure
40	Can view Failed task	10	view_failure
41	Can add Successful task	11	add_success
42	Can change Successful task	11	change_success
43	Can delete Successful task	11	delete_success
44	Can view Successful task	11	view_success
45	Can add Queued task	12	add_ormq
46	Can change Queued task	12	change_ormq
47	Can delete Queued task	12	delete_ormq
48	Can view Queued task	12	view_ormq
\.


--
-- Data for Name: auth_user; Type: TABLE DATA; Schema: public; Owner: postgres
--

COPY public.auth_user (id, password, last_login, is_superuser, username, first_name, last_name, email, is_staff, is_active, date_joined) FROM stdin;
1	pbkdf2_sha256$390000$Hy9jToLajCtOaZozlHPTbZ$J7sCU2I5nu9fH1vLqThsCCT+WCfxhgOeHIug5wtvBqU=	2023-03-23 09:45:32.798716+00	t	test_admin				t	t	2023-03-23 09:36:04.335088+00
\.


--
-- Data for Name: auth_user_groups; Type: TABLE DATA; Schema: public; Owner: postgres
--

COPY public.auth_user_groups (id, user_id, group_id) FROM stdin;
\.


--
-- Data for Name: auth_user_user_permissions; Type: TABLE DATA; Schema: public; Owner: postgres
--

COPY public.auth_user_user_permissions (id, user_id, permission_id) FROM stdin;
\.


--
-- Data for Name: django_admin_log; Type: TABLE DATA; Schema: public; Owner: postgres
--

COPY public.django_admin_log (id, action_time, object_id, object_repr, action_flag, change_message, content_type_id, user_id) FROM stdin;
1	2023-03-23 09:46:12.136469+00	1	OrderLine object (1)	1	[{"added": {}}]	7	1
2	2023-03-24 06:37:27.644025+00	1	loader.load2django	1	[{"added": {}}]	8	1
3	2023-03-24 06:37:48.588114+00	1	loader.load2django	2	[{"changed": {"fields": ["Cluster"]}}]	8	1
4	2023-03-24 06:39:57.031904+00	1	utils.loader.load2django	2	[{"changed": {"fields": ["Func"]}}]	8	1
5	2023-03-24 06:49:02.311091+00	1	utils.loader.load2django	2	[{"changed": {"fields": ["Repeats"]}}]	8	1
6	2023-03-24 06:49:13.032742+00	a7a0e42af3414c64aa823a6d4ef0f958	sixteen-nevada-magazine-carbon	3		10	1
7	2023-03-24 06:49:13.03785+00	1642b21a531b48849d7a01ebc95cd7a9	yankee-mars-august-venus	3		10	1
8	2023-03-24 06:49:13.041323+00	918ff53aac284be78b29f522fcb3f679	speaker-cola-lake-saturn	3		10	1
9	2023-03-24 06:49:13.044186+00	49f7163105a14eed982a0d1891c0be7c	network-april-oregon-moon	3		10	1
10	2023-03-25 03:24:58.792255+00	c0c488eb5c8c4677816999fb0ec0dd91	island-triple-mike-mango	3		11	1
11	2023-03-25 03:24:58.80413+00	c772e52756cd4141a57c187afc37ffed	lemon-nine-robin-tango	3		11	1
12	2023-03-25 03:24:58.809809+00	1f229111395a48938b018659bd93ebee	rugby-red-golf-comet	3		11	1
13	2023-03-25 03:24:58.815184+00	7542f80e988b43b5bd718440a7fd05bc	september-uncle-arizona-twenty	3		11	1
\.


--
-- Data for Name: django_content_type; Type: TABLE DATA; Schema: public; Owner: postgres
--

COPY public.django_content_type (id, app_label, model) FROM stdin;
1	admin	logentry
2	auth	permission
3	auth	group
4	auth	user
5	contenttypes	contenttype
6	sessions	session
7	parser	orderline
8	django_q	schedule
9	django_q	task
10	django_q	failure
11	django_q	success
12	django_q	ormq
\.


--
-- Data for Name: django_migrations; Type: TABLE DATA; Schema: public; Owner: postgres
--

COPY public.django_migrations (id, app, name, applied) FROM stdin;
1	contenttypes	0001_initial	2023-03-23 09:35:45.459467+00
2	auth	0001_initial	2023-03-23 09:35:45.576996+00
3	admin	0001_initial	2023-03-23 09:35:45.608921+00
4	admin	0002_logentry_remove_auto_add	2023-03-23 09:35:45.618172+00
5	admin	0003_logentry_add_action_flag_choices	2023-03-23 09:35:45.629107+00
6	contenttypes	0002_remove_content_type_name	2023-03-23 09:35:45.652418+00
7	auth	0002_alter_permission_name_max_length	2023-03-23 09:35:45.666018+00
8	auth	0003_alter_user_email_max_length	2023-03-23 09:35:45.678518+00
9	auth	0004_alter_user_username_opts	2023-03-23 09:35:45.692889+00
10	auth	0005_alter_user_last_login_null	2023-03-23 09:35:45.703727+00
11	auth	0006_require_contenttypes_0002	2023-03-23 09:35:45.708774+00
12	auth	0007_alter_validators_add_error_messages	2023-03-23 09:35:45.719301+00
13	auth	0008_alter_user_username_max_length	2023-03-23 09:35:45.736415+00
14	auth	0009_alter_user_last_name_max_length	2023-03-23 09:35:45.745778+00
15	auth	0010_alter_group_name_max_length	2023-03-23 09:35:45.757005+00
16	auth	0011_update_proxy_permissions	2023-03-23 09:35:45.766192+00
17	auth	0012_alter_user_first_name_max_length	2023-03-23 09:35:45.776323+00
18	sessions	0001_initial	2023-03-23 09:35:45.799795+00
19	parser	0001_initial	2023-03-23 09:45:09.212993+00
20	parser	0002_alter_orderline_value_rub	2023-03-23 09:58:43.295956+00
21	parser	0003_alter_orderline_value_rub	2023-03-23 16:11:25.007391+00
22	django_q	0001_initial	2023-03-24 05:44:52.692078+00
23	django_q	0002_auto_20150630_1624	2023-03-24 05:44:52.701385+00
24	django_q	0003_auto_20150708_1326	2023-03-24 05:44:52.725468+00
25	django_q	0004_auto_20150710_1043	2023-03-24 05:44:52.731753+00
26	django_q	0005_auto_20150718_1506	2023-03-24 05:44:52.7404+00
27	django_q	0006_auto_20150805_1817	2023-03-24 05:44:52.748774+00
28	django_q	0007_ormq	2023-03-24 05:44:52.762687+00
29	django_q	0008_auto_20160224_1026	2023-03-24 05:44:52.76849+00
30	django_q	0009_auto_20171009_0915	2023-03-24 05:44:52.783669+00
31	django_q	0010_auto_20200610_0856	2023-03-24 05:44:52.792835+00
32	django_q	0011_auto_20200628_1055	2023-03-24 05:44:52.800103+00
33	django_q	0012_auto_20200702_1608	2023-03-24 05:44:52.805839+00
34	django_q	0013_task_attempt_count	2023-03-24 05:44:52.815428+00
35	django_q	0014_schedule_cluster	2023-03-24 05:44:52.821611+00
\.


--
-- Data for Name: django_q_ormq; Type: TABLE DATA; Schema: public; Owner: postgres
--

COPY public.django_q_ormq (id, key, payload, lock) FROM stdin;
\.


--
-- Data for Name: django_q_schedule; Type: TABLE DATA; Schema: public; Owner: postgres
--

COPY public.django_q_schedule (id, func, hook, args, kwargs, schedule_type, repeats, next_run, task, name, minutes, cron, cluster) FROM stdin;
1	utils.loader.load2django	\N			I	-4	2023-03-24 06:50:04+00	c0c488eb5c8c4677816999fb0ec0dd91	Google Loader	2	\N	LoaderCluster
\.


--
-- Data for Name: django_q_task; Type: TABLE DATA; Schema: public; Owner: postgres
--

COPY public.django_q_task (name, func, hook, args, kwargs, result, started, stopped, success, id, "group", attempt_count) FROM stdin;
\.


--
-- Data for Name: django_session; Type: TABLE DATA; Schema: public; Owner: postgres
--

COPY public.django_session (session_key, session_data, expire_date) FROM stdin;
ln9nidcxt1i428klq7icw3mrtko03hlj	.eJxVjDsOwyAQBe9CHSE-BkPK9D4DYtklOIlAMnYV5e6xJRdJ-2bmvVmI21rC1mkJM7Irk-zyu0FMT6oHwEes98ZTq-syAz8UftLOp4b0up3u30GJvey1dqgkoDc5kwM1kBGQLRilwRuRslYoI0mHXtDgvc52tBZHsQfGSAfs8wXtoTe4:1pfHVk:GfPWSDNKjOYuitufq0lkXY8hm-ttZ99lL5py9EdgHD0	2023-04-06 09:45:32.801676+00
\.


--
-- Data for Name: parser_orderline; Type: TABLE DATA; Schema: public; Owner: postgres
--

COPY public.parser_orderline (id, line_no, order_no, due_date, value_usd, value_rub) FROM stdin;
144	38	1287751	2022-05-17	1891	144296.9152
145	39	1498932	2022-05-21	1162	88668.96639999999
146	40	1897398	2022-06-01	414	31591.1808
147	41	1810448	2022-05-11	1668	127280.40959999998
148	42	1168728	2022-05-03	658	50210.137599999995
149	43	1560222	2022-05-11	1587	121099.52639999999
150	44	1592686	2022-05-23	514	39221.900799999996
151	45	1786437	2022-05-28	618	47157.849599999994
152	46	1485012	2022-05-09	1124	85769.2928
153	47	1741017	2022-05-16	514	39221.900799999996
154	48	1497493	2022-05-30	1198	91416.0256
155	49	1877503	2022-05-29	1204	91873.8688
156	50	1426726	2022-05-20	1997	152385.4784
107	1	1249708	2022-05-24	675	51507.35999999999
108	2	1182407	2022-05-13	214	16329.7408
109	3	1120833	2022-05-05	610	46547.392
110	4	1060503	2022-05-29	1804	137658.1888
111	5	1617397	2022-05-26	423	32277.9456
112	6	1135907	2022-05-02	682	52041.5104
113	7	1235370	2022-05-05	1330	101488.57599999999
114	8	1329994	2022-05-12	646	49294.451199999996
115	9	1876515	2022-05-15	1335	101870.112
116	10	1835607	2022-05-05	1227	93628.9344
117	11	1465034	2022-05-12	719	54864.8768
118	12	1077923	2022-06-01	508	38764.0576
119	13	1968041	2022-05-21	1600	122091.51999999999
120	14	1682035	2022-05-09	1867	142465.54239999998
121	15	1911795	2022-05-25	1585	120946.912
122	16	1028782	2022-05-19	1377	105075.01439999999
123	17	1686040	2022-06-01	129	9843.628799999999
124	18	1917698	2022-05-25	1322	100878.11839999999
125	19	1888432	2022-05-11	388	29607.1936
126	20	1430015	2022-05-28	814	62114.06079999999
127	21	1938886	2022-05-03	1021	77909.6512
128	22	1968437	2022-05-20	1911	145823.0592
129	23	1339024	2022-05-12	341	26020.7552
130	24	1832176	2022-05-06	1331	101564.8832
131	25	1554847	2022-05-20	1755	133919.136
132	26	1519872	2022-06-01	1349	102938.41279999999
133	27	1241924	2022-05-16	1319	100649.19679999999
134	28	1208915	2022-05-01	168	12819.6096
135	29	1733144	2022-05-22	392	29912.4224
136	30	1773045	2022-05-27	977	74552.1344
137	31	1581192	2022-05-17	1474	112476.81279999999
138	32	1021563	2022-05-08	145	11064.544
139	33	1844121	2022-05-08	770	58756.543999999994
140	34	1089979	2022-05-14	1392	106219.6224
141	35	1465628	2022-06-01	1808	137963.4176
142	36	1615303	2022-05-22	1242	94773.54239999999
143	37	1915966	2022-05-04	154	11751.308799999999
\.


--
-- Name: auth_group_id_seq; Type: SEQUENCE SET; Schema: public; Owner: postgres
--

SELECT pg_catalog.setval('public.auth_group_id_seq', 1, false);


--
-- Name: auth_group_permissions_id_seq; Type: SEQUENCE SET; Schema: public; Owner: postgres
--

SELECT pg_catalog.setval('public.auth_group_permissions_id_seq', 1, false);


--
-- Name: auth_permission_id_seq; Type: SEQUENCE SET; Schema: public; Owner: postgres
--

SELECT pg_catalog.setval('public.auth_permission_id_seq', 48, true);


--
-- Name: auth_user_groups_id_seq; Type: SEQUENCE SET; Schema: public; Owner: postgres
--

SELECT pg_catalog.setval('public.auth_user_groups_id_seq', 1, false);


--
-- Name: auth_user_id_seq; Type: SEQUENCE SET; Schema: public; Owner: postgres
--

SELECT pg_catalog.setval('public.auth_user_id_seq', 1, true);


--
-- Name: auth_user_user_permissions_id_seq; Type: SEQUENCE SET; Schema: public; Owner: postgres
--

SELECT pg_catalog.setval('public.auth_user_user_permissions_id_seq', 1, false);


--
-- Name: django_admin_log_id_seq; Type: SEQUENCE SET; Schema: public; Owner: postgres
--

SELECT pg_catalog.setval('public.django_admin_log_id_seq', 13, true);


--
-- Name: django_content_type_id_seq; Type: SEQUENCE SET; Schema: public; Owner: postgres
--

SELECT pg_catalog.setval('public.django_content_type_id_seq', 12, true);


--
-- Name: django_migrations_id_seq; Type: SEQUENCE SET; Schema: public; Owner: postgres
--

SELECT pg_catalog.setval('public.django_migrations_id_seq', 35, true);


--
-- Name: django_q_ormq_id_seq; Type: SEQUENCE SET; Schema: public; Owner: postgres
--

SELECT pg_catalog.setval('public.django_q_ormq_id_seq', 8, true);


--
-- Name: django_q_schedule_id_seq; Type: SEQUENCE SET; Schema: public; Owner: postgres
--

SELECT pg_catalog.setval('public.django_q_schedule_id_seq', 1, true);


--
-- Name: parser_orderline_id_seq; Type: SEQUENCE SET; Schema: public; Owner: postgres
--

SELECT pg_catalog.setval('public.parser_orderline_id_seq', 158, true);


--
-- Name: auth_group auth_group_name_key; Type: CONSTRAINT; Schema: public; Owner: postgres
--

ALTER TABLE ONLY public.auth_group
    ADD CONSTRAINT auth_group_name_key UNIQUE (name);


--
-- Name: auth_group_permissions auth_group_permissions_group_id_permission_id_0cd325b0_uniq; Type: CONSTRAINT; Schema: public; Owner: postgres
--

ALTER TABLE ONLY public.auth_group_permissions
    ADD CONSTRAINT auth_group_permissions_group_id_permission_id_0cd325b0_uniq UNIQUE (group_id, permission_id);


--
-- Name: auth_group_permissions auth_group_permissions_pkey; Type: CONSTRAINT; Schema: public; Owner: postgres
--

ALTER TABLE ONLY public.auth_group_permissions
    ADD CONSTRAINT auth_group_permissions_pkey PRIMARY KEY (id);


--
-- Name: auth_group auth_group_pkey; Type: CONSTRAINT; Schema: public; Owner: postgres
--

ALTER TABLE ONLY public.auth_group
    ADD CONSTRAINT auth_group_pkey PRIMARY KEY (id);


--
-- Name: auth_permission auth_permission_content_type_id_codename_01ab375a_uniq; Type: CONSTRAINT; Schema: public; Owner: postgres
--

ALTER TABLE ONLY public.auth_permission
    ADD CONSTRAINT auth_permission_content_type_id_codename_01ab375a_uniq UNIQUE (content_type_id, codename);


--
-- Name: auth_permission auth_permission_pkey; Type: CONSTRAINT; Schema: public; Owner: postgres
--

ALTER TABLE ONLY public.auth_permission
    ADD CONSTRAINT auth_permission_pkey PRIMARY KEY (id);


--
-- Name: auth_user_groups auth_user_groups_pkey; Type: CONSTRAINT; Schema: public; Owner: postgres
--

ALTER TABLE ONLY public.auth_user_groups
    ADD CONSTRAINT auth_user_groups_pkey PRIMARY KEY (id);


--
-- Name: auth_user_groups auth_user_groups_user_id_group_id_94350c0c_uniq; Type: CONSTRAINT; Schema: public; Owner: postgres
--

ALTER TABLE ONLY public.auth_user_groups
    ADD CONSTRAINT auth_user_groups_user_id_group_id_94350c0c_uniq UNIQUE (user_id, group_id);


--
-- Name: auth_user auth_user_pkey; Type: CONSTRAINT; Schema: public; Owner: postgres
--

ALTER TABLE ONLY public.auth_user
    ADD CONSTRAINT auth_user_pkey PRIMARY KEY (id);


--
-- Name: auth_user_user_permissions auth_user_user_permissions_pkey; Type: CONSTRAINT; Schema: public; Owner: postgres
--

ALTER TABLE ONLY public.auth_user_user_permissions
    ADD CONSTRAINT auth_user_user_permissions_pkey PRIMARY KEY (id);


--
-- Name: auth_user_user_permissions auth_user_user_permissions_user_id_permission_id_14a6b632_uniq; Type: CONSTRAINT; Schema: public; Owner: postgres
--

ALTER TABLE ONLY public.auth_user_user_permissions
    ADD CONSTRAINT auth_user_user_permissions_user_id_permission_id_14a6b632_uniq UNIQUE (user_id, permission_id);


--
-- Name: auth_user auth_user_username_key; Type: CONSTRAINT; Schema: public; Owner: postgres
--

ALTER TABLE ONLY public.auth_user
    ADD CONSTRAINT auth_user_username_key UNIQUE (username);


--
-- Name: django_admin_log django_admin_log_pkey; Type: CONSTRAINT; Schema: public; Owner: postgres
--

ALTER TABLE ONLY public.django_admin_log
    ADD CONSTRAINT django_admin_log_pkey PRIMARY KEY (id);


--
-- Name: django_content_type django_content_type_app_label_model_76bd3d3b_uniq; Type: CONSTRAINT; Schema: public; Owner: postgres
--

ALTER TABLE ONLY public.django_content_type
    ADD CONSTRAINT django_content_type_app_label_model_76bd3d3b_uniq UNIQUE (app_label, model);


--
-- Name: django_content_type django_content_type_pkey; Type: CONSTRAINT; Schema: public; Owner: postgres
--

ALTER TABLE ONLY public.django_content_type
    ADD CONSTRAINT django_content_type_pkey PRIMARY KEY (id);


--
-- Name: django_migrations django_migrations_pkey; Type: CONSTRAINT; Schema: public; Owner: postgres
--

ALTER TABLE ONLY public.django_migrations
    ADD CONSTRAINT django_migrations_pkey PRIMARY KEY (id);


--
-- Name: django_q_ormq django_q_ormq_pkey; Type: CONSTRAINT; Schema: public; Owner: postgres
--

ALTER TABLE ONLY public.django_q_ormq
    ADD CONSTRAINT django_q_ormq_pkey PRIMARY KEY (id);


--
-- Name: django_q_schedule django_q_schedule_pkey; Type: CONSTRAINT; Schema: public; Owner: postgres
--

ALTER TABLE ONLY public.django_q_schedule
    ADD CONSTRAINT django_q_schedule_pkey PRIMARY KEY (id);


--
-- Name: django_q_task django_q_task_pkey; Type: CONSTRAINT; Schema: public; Owner: postgres
--

ALTER TABLE ONLY public.django_q_task
    ADD CONSTRAINT django_q_task_pkey PRIMARY KEY (id);


--
-- Name: django_session django_session_pkey; Type: CONSTRAINT; Schema: public; Owner: postgres
--

ALTER TABLE ONLY public.django_session
    ADD CONSTRAINT django_session_pkey PRIMARY KEY (session_key);


--
-- Name: parser_orderline order_line_pk; Type: CONSTRAINT; Schema: public; Owner: postgres
--

ALTER TABLE ONLY public.parser_orderline
    ADD CONSTRAINT order_line_pk UNIQUE (line_no, order_no);


--
-- Name: parser_orderline parser_orderline_pkey; Type: CONSTRAINT; Schema: public; Owner: postgres
--

ALTER TABLE ONLY public.parser_orderline
    ADD CONSTRAINT parser_orderline_pkey PRIMARY KEY (id);


--
-- Name: auth_group_name_a6ea08ec_like; Type: INDEX; Schema: public; Owner: postgres
--

CREATE INDEX auth_group_name_a6ea08ec_like ON public.auth_group USING btree (name varchar_pattern_ops);


--
-- Name: auth_group_permissions_group_id_b120cbf9; Type: INDEX; Schema: public; Owner: postgres
--

CREATE INDEX auth_group_permissions_group_id_b120cbf9 ON public.auth_group_permissions USING btree (group_id);


--
-- Name: auth_group_permissions_permission_id_84c5c92e; Type: INDEX; Schema: public; Owner: postgres
--

CREATE INDEX auth_group_permissions_permission_id_84c5c92e ON public.auth_group_permissions USING btree (permission_id);


--
-- Name: auth_permission_content_type_id_2f476e4b; Type: INDEX; Schema: public; Owner: postgres
--

CREATE INDEX auth_permission_content_type_id_2f476e4b ON public.auth_permission USING btree (content_type_id);


--
-- Name: auth_user_groups_group_id_97559544; Type: INDEX; Schema: public; Owner: postgres
--

CREATE INDEX auth_user_groups_group_id_97559544 ON public.auth_user_groups USING btree (group_id);


--
-- Name: auth_user_groups_user_id_6a12ed8b; Type: INDEX; Schema: public; Owner: postgres
--

CREATE INDEX auth_user_groups_user_id_6a12ed8b ON public.auth_user_groups USING btree (user_id);


--
-- Name: auth_user_user_permissions_permission_id_1fbb5f2c; Type: INDEX; Schema: public; Owner: postgres
--

CREATE INDEX auth_user_user_permissions_permission_id_1fbb5f2c ON public.auth_user_user_permissions USING btree (permission_id);


--
-- Name: auth_user_user_permissions_user_id_a95ead1b; Type: INDEX; Schema: public; Owner: postgres
--

CREATE INDEX auth_user_user_permissions_user_id_a95ead1b ON public.auth_user_user_permissions USING btree (user_id);


--
-- Name: auth_user_username_6821ab7c_like; Type: INDEX; Schema: public; Owner: postgres
--

CREATE INDEX auth_user_username_6821ab7c_like ON public.auth_user USING btree (username varchar_pattern_ops);


--
-- Name: django_admin_log_content_type_id_c4bce8eb; Type: INDEX; Schema: public; Owner: postgres
--

CREATE INDEX django_admin_log_content_type_id_c4bce8eb ON public.django_admin_log USING btree (content_type_id);


--
-- Name: django_admin_log_user_id_c564eba6; Type: INDEX; Schema: public; Owner: postgres
--

CREATE INDEX django_admin_log_user_id_c564eba6 ON public.django_admin_log USING btree (user_id);


--
-- Name: django_q_task_id_32882367_like; Type: INDEX; Schema: public; Owner: postgres
--

CREATE INDEX django_q_task_id_32882367_like ON public.django_q_task USING btree (id varchar_pattern_ops);


--
-- Name: django_session_expire_date_a5c62663; Type: INDEX; Schema: public; Owner: postgres
--

CREATE INDEX django_session_expire_date_a5c62663 ON public.django_session USING btree (expire_date);


--
-- Name: django_session_session_key_c0390e0f_like; Type: INDEX; Schema: public; Owner: postgres
--

CREATE INDEX django_session_session_key_c0390e0f_like ON public.django_session USING btree (session_key varchar_pattern_ops);


--
-- Name: auth_group_permissions auth_group_permissio_permission_id_84c5c92e_fk_auth_perm; Type: FK CONSTRAINT; Schema: public; Owner: postgres
--

ALTER TABLE ONLY public.auth_group_permissions
    ADD CONSTRAINT auth_group_permissio_permission_id_84c5c92e_fk_auth_perm FOREIGN KEY (permission_id) REFERENCES public.auth_permission(id) DEFERRABLE INITIALLY DEFERRED;


--
-- Name: auth_group_permissions auth_group_permissions_group_id_b120cbf9_fk_auth_group_id; Type: FK CONSTRAINT; Schema: public; Owner: postgres
--

ALTER TABLE ONLY public.auth_group_permissions
    ADD CONSTRAINT auth_group_permissions_group_id_b120cbf9_fk_auth_group_id FOREIGN KEY (group_id) REFERENCES public.auth_group(id) DEFERRABLE INITIALLY DEFERRED;


--
-- Name: auth_permission auth_permission_content_type_id_2f476e4b_fk_django_co; Type: FK CONSTRAINT; Schema: public; Owner: postgres
--

ALTER TABLE ONLY public.auth_permission
    ADD CONSTRAINT auth_permission_content_type_id_2f476e4b_fk_django_co FOREIGN KEY (content_type_id) REFERENCES public.django_content_type(id) DEFERRABLE INITIALLY DEFERRED;


--
-- Name: auth_user_groups auth_user_groups_group_id_97559544_fk_auth_group_id; Type: FK CONSTRAINT; Schema: public; Owner: postgres
--

ALTER TABLE ONLY public.auth_user_groups
    ADD CONSTRAINT auth_user_groups_group_id_97559544_fk_auth_group_id FOREIGN KEY (group_id) REFERENCES public.auth_group(id) DEFERRABLE INITIALLY DEFERRED;


--
-- Name: auth_user_groups auth_user_groups_user_id_6a12ed8b_fk_auth_user_id; Type: FK CONSTRAINT; Schema: public; Owner: postgres
--

ALTER TABLE ONLY public.auth_user_groups
    ADD CONSTRAINT auth_user_groups_user_id_6a12ed8b_fk_auth_user_id FOREIGN KEY (user_id) REFERENCES public.auth_user(id) DEFERRABLE INITIALLY DEFERRED;


--
-- Name: auth_user_user_permissions auth_user_user_permi_permission_id_1fbb5f2c_fk_auth_perm; Type: FK CONSTRAINT; Schema: public; Owner: postgres
--

ALTER TABLE ONLY public.auth_user_user_permissions
    ADD CONSTRAINT auth_user_user_permi_permission_id_1fbb5f2c_fk_auth_perm FOREIGN KEY (permission_id) REFERENCES public.auth_permission(id) DEFERRABLE INITIALLY DEFERRED;


--
-- Name: auth_user_user_permissions auth_user_user_permissions_user_id_a95ead1b_fk_auth_user_id; Type: FK CONSTRAINT; Schema: public; Owner: postgres
--

ALTER TABLE ONLY public.auth_user_user_permissions
    ADD CONSTRAINT auth_user_user_permissions_user_id_a95ead1b_fk_auth_user_id FOREIGN KEY (user_id) REFERENCES public.auth_user(id) DEFERRABLE INITIALLY DEFERRED;


--
-- Name: django_admin_log django_admin_log_content_type_id_c4bce8eb_fk_django_co; Type: FK CONSTRAINT; Schema: public; Owner: postgres
--

ALTER TABLE ONLY public.django_admin_log
    ADD CONSTRAINT django_admin_log_content_type_id_c4bce8eb_fk_django_co FOREIGN KEY (content_type_id) REFERENCES public.django_content_type(id) DEFERRABLE INITIALLY DEFERRED;


--
-- Name: django_admin_log django_admin_log_user_id_c564eba6_fk_auth_user_id; Type: FK CONSTRAINT; Schema: public; Owner: postgres
--

ALTER TABLE ONLY public.django_admin_log
    ADD CONSTRAINT django_admin_log_user_id_c564eba6_fk_auth_user_id FOREIGN KEY (user_id) REFERENCES public.auth_user(id) DEFERRABLE INITIALLY DEFERRED;


--
-- PostgreSQL database dump complete
--

